Applicant_ID,Age,Gender,Annual_Income,Credit_Score,Loan_Amount,Employment_Years,Debt_To_Income,Loan_Approved
APP001,34,Male,75000,710,25000,6,0.24,1
APP002,29,Female,68000,720,20000,4,0.22,0
APP003,45,Male,92000,680,35000,12,0.31,1
APP004,38,Female,85000,740,30000,9,0.19,1
APP005,52,Male,62000,650,18000,15,0.35,1
APP006,26,Female,54000,690,15000,2,0.28,0
APP007,41,Male,110000,760,45000,10,0.18,1
APP008,31,Female,79000,705,28000,5,0.26,0
APP009,48,Male,84000,640,32000,14,0.38,1
APP010,35,Female,95000,750,40000,8,0.21,1
APP011,28,Male,58000,670,16000,3,0.30,1
APP012,42,Female,62000,660,22000,11,0.34,0
APP013,39,Male,71000,695,24000,7,0.25,1
APP014,33,Female,73000,685,25000,6,0.29,0
APP015,50,Male,125000,780,50000,18,0.15,1
APP016,27,Female,51000,645,14000,3,0.36,0
APP017,36,Male,89000,715,31000,8,0.23,1
APP018,44,Female,88000,730,33000,12,0.20,1
APP019,30,Male,64000,665,20000,4,0.33,1
APP020,49,Female,67000,675,23000,13,0.32,0
APP021,32,Male,78000,725,27000,5,0.22,1
APP022,25,Female,48000,630,12000,2,0.39,0
APP023,47,Male,96000,690,38000,16,0.27,1
APP024,37,Female,82000,710,29000,7,0.24,0
APP025,43,Male,87000,655,34000,11,0.37,0
APP026,30,Female,76000,765,26000,5,0.18,1
APP027,55,Male,105000,740,42000,20,0.20,1
APP028,28,Female,59000,650,17000,3,0.35,0
APP029,33,Male,66000,635,21000,6,0.40,0
APP030,46,Female,91000,735,36000,14,0.23,1
APP031,37,Male,80000,700,28000,8,0.25,1
APP032,32,Female,70000,680,24000,6,0.30,0
APP033,40,Male,73000,660,26000,9,0.33,1
APP034,26,Female,53000,640,15000,2,0.37,0
APP035,51,Male,115000,770,48000,17,0.17,1
APP036,43,Female,84000,705,30000,10,0.27,0
APP037,29,Male,61000,625,19000,4,0.42,0
APP038,36,Female,77000,715,27000,7,0.25,0
APP039,44,Male,69000,645,23000,10,0.36,0
APP040,31,Female,86000,755,32000,6,0.19,1
